part_num,name,part_cat_id,part_material
003381,Sticker Sheet for Set 663-1,58,Plastic
003383,"Sticker Sheet for Sets 618-1, 628-2",58,Plastic
003402,"Sticker Sheet for Sets 310-3, 311-1, 312-3",58,Plastic
003429,Sticker Sheet for Set 1550-1,58,Plastic
003432,"Sticker Sheet for Sets 357-1, 355-1, 940-1",58,Plastic
003434,"Sticker Sheet for Set 575-2, 653-1, 460-1",58,Plastic
003435,Sticker Sheet for Set 687-1,58,Plastic
003436,Sticker Sheet for Set 180-1,58,Plastic
003437,Sticker Sheet for Set 181-1,58,Plastic
003438,Sticker Sheet for Set 131-1,58,Plastic
003439,Sticker Sheet for Set 171-1,58,Plastic
003440,"Sticker Sheet for Sets 161-1, 694-1",58,Plastic
003446,Sticker Sheet for Set 685-1,58,Plastic
003496,Sticker Sheet for Set 270-2,58,Plastic
003497,Sticker Sheet for Set 271-1,58,Plastic
003498,Sticker Sheet for Set 272-1,58,Plastic
003500,Sticker Sheet for Set 290-2,58,Plastic
003501,Sticker Sheet for Set 291-1,58,Plastic
003502,Sticker Sheet for Set 292-1,58,Plastic
003503,Sticker Sheet for Set 293-1,58,Plastic
003561,Sticker Sheet for Set 698-1,58,Plastic
003583,Sticker Sheet for Set 296-1,58,Plastic
004158,"Sticker Sheet 1 for Sets 939-1, 940-1, 357-1",58,Plastic
004159,"Sticker Sheet 2 for Sets 939-1, 940-1",58,Plastic
004205,"Sticker Sheet for Sets 384-1, 760-2",58,Plastic
004219,"Sticker Sheet for Set 939-1 with flags for AU, IE",58,Plastic
004225,Sticker Sheet for Set 274-1,58,Plastic
004227,Sticker Sheet for Set 275-1,58,Plastic
004228,Sticker Sheet for Set 294-1,58,Plastic
004229,Sticker Sheet for Set 295-1,58,Plastic
004231,Sticker Sheet for Set 263-1,58,Plastic
004232,Sticker Sheet for Set 264-1,58,Plastic
004233,Sticker Sheet for Set 265-1,58,Plastic
004234,Sticker Sheet for Set 266-1,58,Plastic
004250,"Sticker Sheet for Sets 455-1, 657-1",58,Plastic
004283,Sticker Sheet for Set 361-1,58,Plastic
004284,Sticker Sheet for Set 723-2,58,Plastic
004285,Sticker Sheet for Set 725-2,58,Plastic
004302,Sticker Sheet for Set 1552-2,58,Plastic
004462,Sticker Sheet for Set 392-1,58,Plastic
004486,"Sticker Sheet for Sets 367-1, 565-1",58,Plastic
004488,Sticker Sheet for Set 364-1,58,Plastic
004490,Sticker Sheet for Set 365-1,58,Plastic
004511,"Sticker Sheet for Sets 363-1, 555-1",58,Plastic
004587,Sticker Sheet for Set 133-1,58,Plastic
004588,Sticker Sheet for Set 137-2,58,Plastic
004589,Sticker Sheet for Set 148-1,58,Plastic
004590,Sticker Sheet for Set 182-1,58,Plastic
004591,Sticker Sheet 1 for Set 1650-1,58,Plastic

